Assay,Gene,Target antibiotics (major),Forward Primer,Reverse Primer
AY1,16S rRNA,16S rRNA,GGGTTGCGCTCGTTGC,ATGGYTGTCGTCAGCTCGTG
AY2,aacC2,Aminoglycoside,ACGGCATTCTCGATTGCTTT,CCGAGCTTCACGTAAGCATTT
AY4,aacA/aphD,Aminoglycoside,AGAGCCTTGGGAAGATGAAGTTT,TTGATCCATACCATAGACTATCTCATCA
AY6,aac(6')-II,Aminoglycoside,CGACCCGACTCCGAACAA,GCACGAATCCTGCCTTCTCA
AY7,aphA3_1,Aminoglycoside,AAAAGCCCGAAGAGGAACTTG,CATCTTTCACAAAGATGTTGCTGTCT
AY8,aac(6')-Ib_1,Aminoglycoside,CGTCGCCGAGCAACTTG,CGGTACCTTGCCTCTCAAACC
AY9,aadA2_1,Aminoglycoside,ACGGCTCCGCAGTGGAT,GGCCACAGTAACCAACAAATCA
AY10,aadA_1,Aminoglycoside,GTTGTGCACGACGACATCATT,GGCTCGAAGATACCTGCAAGAA
AY13,aadD,Aminoglycoside,CCGACAACATTTCTACCATCCTT,ACCGAAGCGCTCGTCGTATA
AY17,aphA1/7,Aminoglycoside,TGAACAAGTCTGGAAAGAAATGCA,CCTATTAATTTCCCCTCGTCAAAAA
AY21,aadE,Aminoglycoside,TACCTTATTGCCCTTGGAAGAGTTA,GGAACTATGTCCCTTTTAATTCTACAATCT
AY22,str,Aminoglycoside,AATGAGTTTTGGAGTGTCTCAACGTA,AATCAAAACCCCTATTAAAGCCAAT
AY24,strB,Aminoglycoside,GCTCGGTCGTGAGAACAATCT,CAATTTCGGTCGCCTGGTAGT
AY328,aadA5_2,Aminoglycoside,ATCACGATCTTGCGATTTTGCT,CTGCGGATGGGCCTAGAAG
AY331,aadA2_3,Aminoglycoside,CAATGACATTCTTGCGGGTATC,GACCTACCAAGGCAACGCTATG
AY393,aac(3)-iid_iia,Aminoglycoside,CGATGGTCGCGGTTGGTC,TCGGCGTAGTGCAATGCG
AY399,aac(6)-im,Aminoglycoside,CGTGAGCATTATACAGAGCAATGG,CCATTTCCGTTCGTAGATATTGGC
AY406,aac6-aph2,Aminoglycoside,CCAAGAGCAATAAGGGCATACCAA,GCCACACTATCATAACCACTACCG
AY408,aadA10,Aminoglycoside,ACAGGCACTCAACGTCATCG,CGCGGAGAACTCTGCTTTGA
AY409,aadA16,Aminoglycoside,ACGGTGGCCTGAAGCC,GAATTGCAGTTCCCGTCTGG
AY410,aadA1_2,Aminoglycoside,TGTACGGCTCCGCAGTG,CACGGAATGATGTCGTCGTG
AY411,aadA6,Aminoglycoside,CCATCGAGCGTCATCTGGAA,CCCGTCTGGCCGGATAAC
AY412,aadA7,Aminoglycoside,CACTCCGCGCCTTGGA,TGTGGCGGGCTCGAAG
AY413,aadB,Aminoglycoside,CCTGCTTGGTGGGCAGAC,CGGCACGCAAGACCTCAA
AY415,ant6-ia,Aminoglycoside,TCGCCATGAGCTGCTGA,CCTATCATACTCCGGATAGGCATA
AY416,ant6-ib,Aminoglycoside,AGAACATCCGACAGCACGTTC,CCAACCTTCCATGAAATCATTCGC
AY418,aph(3'')-ia,Aminoglycoside,TAACAGCGATCGCGTATTTCG,TCCGACTCGTCCAACATCAATA
AY420,aph3-iii,Aminoglycoside,CAGAAGGCAATGTCATACCACTTG,GACAGCCGCTTAGCCGAA
AY424,aph4-ib,Aminoglycoside,GGGAACACCGTGCTCACC,GTTGGTCCCGTGCAGGTC
AY97,cfiA,Beta Lactam,GCAGCGTTGCTGGACACA,GTTCGGGATAAACGTGGTGACT
AY101,blaMOX/blaCMY,Beta Lactam,CTATGTCAATGTGCCGAAGCA,GGCTTGTCCTCTTTCGAATAGC
AY105,blaVEB,Beta Lactam,CCCGATGCAAAGCGTTATG,GAAAGATTCCCTTTATCTATCTCAGACAA
AY108,blaOXY,Beta Lactam,CGTTCAGGCGGCAGGTT,GCCGCGATATAAGATTTGAGAATT
AY109,blaPSE,Beta Lactam,TTGTGACCTATTCCCCTGTAATAGAA,TGCGAAGCACGCATCATC
AY111,cphA_1,Beta Lactam,GCGAGCTGCACAAGCTGAT,CGGCCCAGTCGCTCTTC
AY114,cfxA,Beta Lactam,TCATTCCTCGTTCAAGTTTTCAGA,TGCAGCACCAAGAGGAGATGT
AY115,cepA,Beta Lactam,AGTTGCGCAGAACAGTCCTCTT,TCGTATCTTGCCCGTCGATAAT
AY125,blaGES,Beta Lactam,GCAATGTGCTCAACGTTCAAG,GTGCCTGAGTCAATTCTTTCAAAG
AY126,blaSFO,Beta Lactam,CCGCCGCCATCCAGTA,GGGCCGCCAAGATGCT
AY127,blaTLA,Beta Lactam,ACACTTTGCCATTGCTGTTTATGT,TGCAAATTTCGGCAATAATCTTT
AY129,blaVIM,Beta Lactam,GCACTTCTCGCGGAGATTG,CGACGGTGATGCGTACGTT
AY131,pbp5,Beta Lactam,GGCGAACTTCTAATTAATCCTATCCA,CGCCGATGACATTCTTCTTATCTT
AY134,blaCTX-M_5,Beta Lactam,GCGATAACGTGGCGATGAAT,GTCGAGACGGAACGTTTCGT
AY138,penA,Beta Lactam,AGACGGTAACGTATAACTTTTTGAAAGA,GCGTGTAGCCGGCAATG
AY147,blaCTX-M_8,Beta Lactam,CGTCACGCTGTTGTTAGGAA,CGCTCATCAGCACGATAAAG
AY152,blaNDM,Beta Lactam,GGCCACACCAGTGACAATATCA,CAGGCAGCCACCAAAAGC
AY339,blaCMY_2,Beta Lactam,AAAGCCTCAT GGGTGCATAAA,ATAGCTTTTGTTTGCCAGCATCA
AY432,blaCTX-M,Beta Lactam,CGTACCGAGCCGACGTTAA,CAACCCAGGAAGCAGGCA
AY433,blaFOX,Beta Lactam,CCTACGGCTATTCGAAGGAAGATAAG,CCGGATTGGCCTGGAAGC
AY435,blaOXA51,Beta Lactam,CGACCGAGTATGTACCTGCTTC,TCAAGTCCAATACGACGAGCTA
AY436,blaOXY1,Beta Lactam,AAAGGTGACCGCATTCGC,CCAGCGTCAGCTTGCG
AY438,blaSHV11,Beta Lactam,TTGACCGCTGGGAAACGG,TCCGGTCTTATCGGCGATAAAC
AY439,blaTEM,Beta Lactam,CGCCGCATACACTATTCTCAG,GCTTCATTCAGCTCCGGTTC
AY440,blaKPC,Beta Lactam,GCCGCCAATTTGTTGCTGAA,GCCGGTCGTGTTTCCCTTT
AY443,beta_B2,Beta Lactam,GTAACGCCTACTGGAAGTCCA,CAGCTTCTCCTTGAGAATGCAG
AY444,blaACT,Beta Lactam,AAGCCGCTCAAGCTGGA,GCCATATCCTGCACGTTGG
AY446,blaCARB,Beta Lactam,TGATTTGAGGGATACGACAACTCC,CTGTAATACTCCGAGCACCAA
AY451,blaLEN,Beta Lactam,TGTTCGCCTGTGTGTTATCTCC,GCAGCACTTTAAAGGTGCTCAC
AY452,blaMIR,Beta Lactam,CGGTCTGCCGTTACAGGTG,AAAGACCCGCGTCGTCATG
AY453,blaBEL-nonmobile,Beta Lactam,ATGTCCATGGCACAGACTGTG,CCTGTCTTGTCACCCGTTACC
AY289,intI1_2,Integrons,CGAAGTCGAGGCATTTCTGTC,GCCTTCCAGAAAACCGAGGA
AY293,intI1_1,Integrons,CGAACGAGTGGCGGAGGGTG,TACCCGAGAGCTTGGCACCCA
AY500,intl3,Integrons,CAGGTGCTGGGCATGGA,CCTGGGCAGCATCACCA
AY199,acrB_1,MDR,AGTCGGTGTTCGCCGTTAAC,CAAGGAAACGAACGCAATACC
AY201,acrF,MDR,GCGGCCAGGCACAAAA,TACGCTCTTCCCACGGTTTC
AY202,adeA,MDR,CAGTTCGAGCGCCTATTTCTG,CGCCCTGACCGACCAAT
AY207,acrA_1,MDR,GGTCTATCACCCTACGCGCTATC,GCGCGCACGAACATACC
AY208,emrD_1,MDR,CTCAGCAGTATGGTGGTAAGCATT,ACCAGGCGCCGAAGAAC
AY211,mdtE,MDR,CGTCGGCGCACTCGTT,TCCAGACGTTGTACGGTAACCA
AY224,oprD,MDR,ATGAAGTGGAGCGCCATTG,GGCCACGGCGAACTGA
AY226,ttgA,MDR,ACGCCAATGCCAAACGATT,GTCACGGCGCAGCTTGA
AY228,mexE,MDR,GGTCAGCACCGACAAGGTCTAC,AGCTCGACGTACTTGAGGAACAC
AY353,tolC_2,MDR,CAGGCAGAGAACCTGATGCA,CGCAATTCCGGGTTGCT
AY484,bexA/norM,MDR,TCGGGCATCCCGTTTATGATC,GTAGGCTGCGCATAATACCCA
AY485,mdtA,MDR,ACAAGCCCAGGGCCAAC,CCTTAATGGTGCCTTCGGTTTC
AY486,mdtH,MDR,ATGCTGGCTGTACAAGTGATG,CACTCCAGCGGGCGATA
AY487,cefa_qacelta,MDR,TAGTTGGCGAAGTAATCGCAAC,TGCGATGCCATAACCGATTATG
AY489,qacF/H,MDR,CTGAAGTCTAGCCATGGATTCACTAG,CAAGCAATAGCTGCCACAAGC
AY490,arsA,MDR,CAGGTCAGCCGCATCAACC,GCCTGAAACACGGCAATTTCTTC
AY491,cadC,MDR,CGCTCTGTGTCAGGATGAAGAG,CTTTCTTATGTGCTAGGGCGATCA
AY495,pcoA,MDR,TGGCGTATGGAGTTTCAATGC,GAATAATGCCGTGCCAGTGAA
AY497,sugE,MDR,CTTAGTTATTGCTGGTCTGCTGGA,GCATCGGGTTAGCGGACTC
AY498,tcrB,MDR,GTGCCGGAACTCAAGTAGCA,GCACCGACTGCTGGACTTAA
AY297,Tp614,MGE,GGAAATCAACGGCATCCAGTT,CATCCATGCGCTTTTGTCTCT
AY298,IS613,MGE,AGGTTCGGACTCAATGCAACA,TTCAGCACATACCGCCTTGAT
AY299,tnpA_1,MGE,GCCGCACTGTCGATTTTTATC,GCGGGATCTGCCACTTCTT
AY300,tnpA_2,MGE,CCGATCACGGAAAGCTCAAG,GGCTCGCATGACTTCGAATC
AY301,tnpA_3,MGE,GGGCGGGTCGATTGAAA,GTGGGCGGGATCTGCTT
AY302,tnpA_4,MGE,CATCATCGGACGGACAGAATT,GTCGGAGATGTGGGTGTAGAAAGT
AY303,tnpA_5,MGE,GAAACCGATGCTACAATATCCAATTT,CAGCACCGTTTGCAGTGTAAG
AY304,tnpA_6,MGE,TGCAGATGGTTTAACCTTGGATATTT,TCGGTTCATCAAACTGCTTCAC
AY307,orf37-IS26,MGE,GCCGGGTTGTGCAAATAGAC,TGGCAATCTGTCGCTGCTG
AY309,ISPps,MGE,CACACTGCAAAAACGCATCCT,TGTCTTTGGCGTCACAGTTCTC
AY310,IS1247_2,MGE,TGGATCGACCGGTTCCAT,GCTGACCGAGCTGTCCATGT
AY311,ISAba3,MGE,TCAGAGGCAGCGGTATACGA,GGTTGATTCAGTTAAAGTACGTAAAACTTT
AY312,ISEfm1,MGE,AGGTGTCCATGACGTGAAAGTG,TCCTTTGTCCCCTAGGATATTGG
AY315,Tn5,MGE,TCAGAGGCAGCGGTATACGA,GGTTGATTCAGTTAAAGTACGTAAAACTTT
AY316,IncN_rep,MGE,AGTTCACCACCTACTCGCTCCG,CAAGTTCTTCTGTTGGGATTCCG
AY318,IncP_oriT,MGE,CAGCCTCGCAGAGCAGGAT,CAGCCGGGCAGGATAGGTGAAGT
AY506,IS1247_1,MGE,CGGCCGTCACTGACCAA,TCGGCAGGTTGGTGACG
AY509,IS200_2,MGE,GCACACCCGATGGAACTGTAAA,TCGGCGGGATCTCCAGAAG
AY510,IS21-ISAs29,MGE,GGTCCGTCAGGCACAAGTC,GGGATCGTATCGGCAAGCC
AY511,IS256,MGE,CTTGCGCATCATTGGATGATGG,AAGAACGGCTCCAATTAAGCGA
AY512,IS26_1,MGE,ATGGATGAAACCTACGTGAAGGTC,CGGTACTTAATCTGTCGGTGTTCA
AY513,IS3,MGE,CGGTCTGAGCTTCGGGAA,AGAACTGTCACTCCGGTCTG
AY516,IS6100,MGE,CGCACCGGCTTGATCAGTA,CTGCCACGCTCAATACCGA
AY519,ISCR1,MGE,ATGGTTTCATGCGGGTT,CTGAGGGTGTGAGCGAG
AY520,ISEcp1,MGE,CATGCTCTGCGGTCACTTC,GACGCACCTTCTTGATGACC
AY523,Tn3,MGE,GCTGAGGTGTTCAGCTACATCC,GCTGAGGTAGTCACAGGCATTC
AY524,Tn5403,MGE,AAGCGAATGGCGCGAAC,CGCGCAGGGTAAACTGC
AY527,trbC,MGE,CGGYATWCCGSCSACRCTGCG,GCCACCTGYSBGCAGTCMCC
AY46,ermF_1,MLSB,CAGCTTTGGTTGAACATTTACGAA,AAATTCCTAAAATCACAACCGACAA
AY528,ereA,MLSB,GATAATTCTGCTGGCGCACA,GCAGGCGTGGTCACAAC
AY533,ermB_2,MLSB,GAACACTAGGGTTGTTCTTGCA,CTGGAACATCTGTGGTATGGC
AY536,lnuB,MLSB,GGATCGTTTACCAAAGGAGAAGG,AGCATAGCCTTCGTATCAGGAA
AY537,lnuC,MLSB,GGGTGTAGATGCTCTTCTTGGA,CTTTACCCGAAAGAGTTTCTACCG
AY538,mefA,MLSB,TAATTATCGCAGCAGCTGGTTC,GTTCCCAAACGGAGTATAAGAGTG
AY539,mphA,MLSB,TCAGCGGGATGATCGACTG,GAGGGCGTAGAGGGCGTA
AY544,ermE,MLSB,GTCACGCAGCTGGAGTTCG,CGGTGAAGCACAGCTCGAC
AY546,ermX_2,MLSB,TGATGACGGCTCAGTGG,GTGCACCAGCGCCTGA
AY547,ermB_3,MLSB,TGAAAGCCATGCGTCTGAC,TTCAGCTGGCAGCTTAAGC
AY549,lnuF,MLSB,ATACCGGTCATTTCCACTTGGC,GCATCAGGCTGATGAGGTTCAA
AY551,mefB,MLSB,CCGATAGGCTTACTTGTTGCAG,AGTCCACTTGCGGTTTCATTG
AY553,msrE,MLSB,CGGCAGATGGTCTGAGCTTAAA,CGCACTCTTCCTGCATAAAGGA
AY142,ttgB,Other,TCGCCCTGGATGTACACCTT,ACCATTGCCGACATCAACAAC
AY186,nisB_1,Other,GGGAGAGTTGCCGATGTTGTA,AGCCACTCGTTAAAGGGCAAT
AY188,nimE,Other,TGCGCCAAGATAGGGCATA,GTCGTGAATTCGGCAGGTTTA
AY191,merA,Other,GTGCCGTCCAAGATCATG,GGTGGAAGTCCAGTAGGGTGA
AY197,crAss56,Other,CAGAAGTACAAACTCCTAAAAAACGTAGAG,GATGACCAATAAACAAGCCATTAGC
AY198,crAss64,Other,TGTATAGATGCTGCTGCAACTGTACTC,CGTTGTTTTCATCTTTATCTTGTCCAT
AY204,sat4,Other,GAATGGGCAAAGCATAAAAACTTG,CCGATTTTGAAACCACAATTATGATA
AY218,qacE∆1_1,Other,TCGCAACATCCGCATTAAAA,ATGGATTTCAGAACCAGAGAAAGAAA
AY236,qacE∆1_3,Other,GTCGGTGTTGCTTATGCAGTCT,CAACCAGGCAATGGCTGTAA
AY465,bacA,Other,ATCCGCGGCACCCTGA,CCTGCTTGATGGACTTGATGAAGA
AY466,mcr1,Other,CACATCGACGGCGTATTCTG,CAACGAGCATACCGACATCG
AY471,arr2,Other,TTGGCGATTGGTGACTTGCTAA,ATCGTCTTCGAACGGTCCTG
AY472,fabK,Other,CAGGAGCAGGAAATCCAAGC,CCAGCTTCCATTCCTTCTGC
AY29,catB3,Phenicol,GCACTCGATGCCTTCCAAAA,AGAGCCGATCCAAACGTCAT
AY30,catB8,Phenicol,CACTCGACGCCTTCCAAAG,CCGAGCCTATCCAGACATCATT
AY31,ceoA,Phenicol,ATCAACACGGACCAGGACAAG,GGAAAGTCCGCTCACGATGA
AY35,cmlA_2,Phenicol,TAGGAAGCATCGGAACGTTGAT,CAGACCGAGCACGACTGTTG
AY37,cmxA,Phenicol,GCGATCGCCATCCTCTGT,TCGACACGGAGCCTTGGT
AY38,catA1,Phenicol,GGGTGAGTTTCACCAGTTTTGATT,CACCTTGTCGCCTTGCGTATA
AY559,catB2,Phenicol,GCTACTATTCCGGCTATTACCATG,GGGCTCCTCGTTCATGTAGA
AY561,catP,Phenicol,CCTTTGGACTGAGTGTAAGTCTGA,TAAAGCCATCGAAGGTTGACCA
AY562,catQ,Phenicol,AGGTGCACTTACAGTATGACTGC,AACGTGGGAAGTTCTCGTCATAC
AY563,cmlV,Phenicol,GCCCTCATCACCGTCTTCG,GGACGTTGGCGATGGAGAG
AY566,floR,Phenicol,AACCCGCCCTCTGGATCA,GCCGTCGAGAAGAAGACGAA
AY95,qnrA,Quinolone,AGGATTTCTCACGCCAGGATT,CCGCTTTCAATGAAACTGCAA
AY96,qnrB,Quinolone,GCGACGTTCAGTGGTTCAGA,GCTGCTCGCCAGTCGAA
AY456,qepA,Quinolone,GGGCATCGCGCTGTTC,GCGCATCGGTGAAGCC
AY457,qnrB4,Quinolone,TCACCACCCGCACCTG,GGATATCTAAATCGCCCAGTTCC
AY458,qnrB_2,Quinolone,CGACGTTCAGTGGTTCAGATCTC,GCCAAGCCGCTCCATGAG
AY459,qnrD,Quinolone,CGCTGGAATGGCACTGTGA,GCTCTCCATCCAACTTCACTCC
AY461,qnrS2,Quinolone,TCCCGAGCAAACTTTGCCAA,GGTGAGTCCCTATCCAGCGA
AY463,qnrVC_2,Quinolone,TTCCTTTAAACGGGCAAACCTC,CGATACCTGATTCATGAAGCTAGC
AY241,sul4,Sulfonamide,TCAACGTCACTCCAGACAGC,TGGAAATAACGACGTCCACA
AY245,sul1_2,Sulfonamide,GCCGATGAGATCAGACGTATTG,CGCATAGCGCTGGGTTTC
AY365,sul2_2,Sulfonamide,TCATCTGCCAAACTCGTCGTTA,GTCAAAGAACGCCGCAATGT
AY249,tet36_1,Tetracycline,AGAATACTCAGCAGAGGTCAGTTCCT,TGGTAGGTCGATAACCCGAAAAT
AY250,tet32,Tetracycline,CCATTACTTCGGACAACGGTAGA,CAATCTCTGTGAGGGCATTTAACA
AY254,tetA_2,Tetracycline,CTCACCAGCCTGACCTCGAT,CACGTTGTTATAGAAGCCGCATAG
AY255,tetA/B_1,Tetracycline,AGTGCGCTTTGGATGCTGTA,AGCCCCAGTAGCTCCTGTGA
AY259,tetQ,Tetracycline,CGCCTCAGAAGTAAGTTCATACACTAAG,TCGTTCATGCGGATATTATCAGAAT
AY260,tetH,Tetracycline,TTTGGGTCATCTTACCAGCATTAA,TTGCGCATTATCATCGACAGA
AY263,tetW,Tetracycline,ATGAACATTCCCACCGTTATCTTT,ATATCGGCGGAGAGCTTATCC
AY264,tetO_2,Tetracycline,CAACATTAACGGAAAGTTTATTGTATACCA,TTGACGCTCCAAATTCATTGTATC
AY267,tetX,Tetracycline,AAATTTGTTACCGACACGGAAGTT,CATAGCTGAAAAAATCCAGGACAGTT
AY268,tetC_2,Tetracycline,ACTGGTAAGGTAAACGCCATTGTC,ATGCATAAACCAGCCATTGAGTAAG
AY269,tetS,Tetracycline,TTAAGGACAAACTTTCTGACGACATC,TGTCTCCCATTGTTCTGGTTCA
AY273,tetE,Tetracycline,TTGGCGCTGTATGCAATGAT,CGACGACCTATGCGATCTGA
AY276,tetT,Tetracycline,CCATATAGAGGTTCCACCAAATCC,TGACCCTATTGGTAGTGGTTCTATTG
AY367,tetL_2,Tetracycline,ATGGTTGTAGTTGCGCGCTATAT,ATCGCTGGACCGACTCCTT
AY568,tet39,Tetracycline,TATAGCGGGTCCGGTAATAGGTG,CCATAACGATCCTGCCCATAGATAAC
AY571,tetD,Tetracycline,AATTGCACTGCCTGCATTGC,GACAGATTGCCAGCAGCAGA
AY572,tetG,Tetracycline,TCGCGTTCCTGCTTGCC,CCGCGAGCGACAAACCA
AY574,tetM,Tetracycline,GGAGCGATTACAGAATTAGGAAGC,TCCATATGTCCTGGCGTGTC
AY576,tet44,Tetracycline,CTCATGTAGATGCAGGAAAGACG,GTAACTGCTGCCTGAATTGTGA
AY577,tetR,Tetracycline,CCGTCAATGCGCTGATGAC,GCCAATCCATCGACAATCACC
AY284,dfrA1_1,Trimethoprim,GGAATGGCCCTGATATTCCA,AGTCTTGCGTCCAACCAACAG
AY285,dfrA12,Trimethoprim,CCTCTACCGAACCGTCACACA,GCGACAGCGTTGAAACAACTAC
AY580,dfrA15,Trimethoprim,AGGCCGAAAGACTTTCGAGTC,TCACCTTCTGGCTCAATGTCG
AY581,dfra17,Trimethoprim,CGGGAACGGCCCTGATATTCC,CGTGTTGCGACCGCATACTTTC
AY586,dfrA27,Trimethoprim,GCCGCTCAGGATCGGTA,GTCGAGATATGTAGCGTGTCG
AY590,dfrAB4,Trimethoprim,CGGTTCGCATTCCCATCAAA,CGCAGTCATGGGATAAATCTGG
AY593,dfrG,Trimethoprim,TCAATCGGAAGAGCCTTACCTGA,TGGGCAAATACCTCATTCCATTCC
AY156,vanC_2,Vancomycin,CCTGCCACAATCGATCGTT,CGGCTTCATTCGGCTTGATA
AY159,vanB_1,Vancomycin,TTGTCGGCGAAGTGGATCA,AGCCTTTTTCCGGCTCGTT
AY161,vanD,Vancomycin,CAGAGGAACATAATGTTTCGATAAAATCT,GCCGGATTTTGTGATTCCAA
AY163,vanHB,Vancomycin,GAGGTTTCCGAGGCGACAA,CTCTCGGCGGCAGTCGTAT
AY170,vanXB,Vancomycin,AGGCACAAAATCGAAGATGCTT,GGGTATGGCTCATCAATCAACTT
AY174,vanRB,Vancomycin,GCCCTGTCGGATGACGAA,TTACATAGTCGTCTGCCTCTGCAT
AY181,vanTG,Vancomycin,CGTGTAGCCGTTCCGTTCTT,CGGCATTACAGGTATATCTGGAAA
AY182,vanYB,Vancomycin,GGCTAAAGCGGAAGCAGAAA,GATATCCACAGCAAGACCAAGCT
AY381,vanTC_2,Vancomycin,ACAGTTGCCGCTGGTGAAG,CGTGGCTGGTCGATCAAAA
AY595,vanA,Vancomycin,GGGCTGTGAGGTCGGTTG,TTCAGTACAATGCGGCCGTTA
AY596,vanC2,Vancomycin,TGACTGTCGGTGCTTGTGA,GATAGAGCAGCTGAGCTTGTTC
AY597,vanG,Vancomycin,TGTTTCGCAGAACCGTGTCAA,CCCTGCACTGTTCCATCTTCTC
AY599,vanSB,Vancomycin,GAAGATAAAGAGGGAAGCGTACTC,CCGAATTGTCAGCCCTTGATAA
AY294,intI2_2,Integrons,TGCTTTTCCCACCCTTACC,GACGGCTACCCTCTGTTATCTC
AY43,ermD_1,MLSB,GGACTCGGCAATGGTCAGAA,CCCCGAAACGCAATATAATGTT
AY71,vgaA_1,MLSB,CGAGTATTGTGGAAAGCAGCTAGTT,CCCGTACCGTTAGAGCCGATA
AY33,yidY/mdtL,Phenicol,GCAGTTGCATATCGCCTTCTC,CTTCCCGGCAAACAGCAT
AY34,mdtL,Phenicol,TGCTGATCGGGATTCTGATTG,CAGGCGCGACGAACATAAT
AY244,sul3_1,Sulfonamide,TCCGTTCAGCGAATTGGTGCAG,TTCGTTCACGCCTTACACCAGC
AY473,A. baumannii,Taxanomic,TCTTGGTGGTCACTTGAAGC,ACTCTTGTGGTTGTGGAGCA
AY474,Bacteroidetes,Taxanomic,GGARCATGTGGTTTAATTCGATGAT,AGCTGACGACAACCATGCAG
AY475,Campylobacter,Taxanomic,CTGCTTAACACAAGTTGAGTAGG,TTCCTTAGGTACCGTCAGAA
AY476,Enterococci,Taxanomic,AGAAATTCCAAACGAACTTG,CAGTGCTCTACCTCCATCATT
AY477,Firmicutes,Taxanomic,GGAGYATGTGGTTTAATTCGAAGCA,AGCTGACGACAACCATGCAC
AY478,K. pneumoniae,Taxanomic,ACGGCCGAATATGACGAATTC,AGAGTGATCTGCTCATGAA
AY479,P. aeruginosa,Taxanomic,AGCGTTCGTCCTGCACAAGT,TCCACCATGCTCAGGGAGAT
AY480,Staphylococci,Taxanomic,CGCAACGTTCAATTTAATTTTGTTAA,TGGTCTTTCTGCATTCCTGGA
AY601,blaOXA48,Beta Lactam,TGTTTTTGGTGGCATCGAT,GTAAMRATGCTTGGTTCGC
AY602,armA_2,Aminoglycoside,TGCATCAAATATGGGGGTCT,TGAAGCCACAACCAAAATCT
AY603,rmtB,Aminoglycoside,GCTGTGATATCCACCAGGGA,AAGCTTAAAAATCAGCGCCA